{"cameraMode":{"drawMode":0,"name":"Shaded","section":"Shading Mode"},"sceneLighting":false,"audioPlay":false,"sceneViewState":{"m_AlwaysRefresh":false,"showFog":true,"showSkybox":false,"showFlares":true,"showImageEffects":true,"showParticleSystems":true,"showVisualEffectGraphs":true,"m_FxEnabled":true},"in2DMode":false,"pivot":{"x":-0.2389313280582428,"y":1.4831788539886475,"z":-5.888561248779297},"rotation":{"x":-0.07665558159351349,"y":-0.04575455188751221,"z":0.0035361049231141807,"w":-0.9960412383079529},"size":0.21650634706020356,"orthographic":false}